{
  "task_id": "ttttttt",
  "case_list":
  [
    {"case_id":"1",
      "data":{
        "current_tm": 1591087888913,
        "feature_list": [{
          "features": {
            "mc_list_24h_postpro": [
              {
                "cid": "c_m84bv26",
                "bid": "b_habt1",
                "tm": 1591008711002
              }, {
                "cid": "c_m84bv26",
                "bid": "b_habt1",
                "tm": 1591009125053
              }, {
                "cid": "c_CijEL",
                "bid": "b_2lUbF",
                "tm": 1591009156137
              }, {
                "cid": "c_m84bv26",
                "bid": "b_habt1",
                "tm": 1591009157356
              }, {
                "cid": "c_m84bv26",
                "bid": "b_habt1",
                "tm": 1591009730719
              }, {
                "cid": "c_CijEL",
                "bid": "b_2lUbF",
                "tm": 1591009751815
              }, {
                "cid": "c_m84bv26",
                "bid": "b_habt1",
                "tm": 1591009756016
              }, {
                "cid": "c_m84bv26",
                "bid": "b_habt1",
                "tm": 1591010207024
              }, {
                "cid": "c_CijEL",
                "bid": "b_2lUbF",
                "tm": 1591010232266
              }, {
                "cid": "c_m84bv26",
                "bid": "b_habt1",
                "tm": 1591010233808
              }, {
                "cid": "c_CijEL",
                "bid": "b_2lUbF",
                "tm": 1591010385705
              }, {
                "cid": "c_m84bv26",
                "bid": "b_habt1",
                "tm": 1591010387040
              }, {
                "cid": "c_m84bv26",
                "bid": "b_habt1",
                "tm": 1591010673149
              }, {
                "cid": "c_m84bv26",
                "bid": "b_habt1",
                "tm": 1591010903305
              }, {
                "cid": "c_CijEL",
                "bid": "b_2lUbF",
                "tm": 1591010910796
              }, {
                "cid": "c_m84bv26",
                "bid": "b_habt1",
                "tm": 1591010916445
              }, {
                "cid": "c_CijEL",
                "bid": "b_2lUbF",
                "tm": 1591011101395
              }, {
                "cid": "c_m84bv26",
                "bid": "b_habt1",
                "tm": 1591011102557
              }, {
                "cid": "c_m84bv26",
                "bid": "b_habt1",
                "tm": 1591011281885
              }, {
                "cid": "c_m84bv26",
                "bid": "b_habt1",
                "tm": 1591012329367
              }, {
                "cid": "c_CijEL",
                "bid": "b_2lUbF",
                "tm": 1591012354827
              }, {
                "cid": "c_m84bv26",
                "bid": "b_habt1",
                "tm": 1591012355990
              }, {
                "cid": "c_CijEL",
                "bid": "b_2lUbF",
                "tm": 1591012359932
              }, {
                "cid": "c_m84bv26",
                "bid": "b_habt1",
                "tm": 1591012360837
              }, {
                "cid": "c_m84bv26",
                "bid": "b_waimai_gi9oviio_mc",
                "tm": 1591077093221
              }, {
                "cid": "c_m84bv26",
                "bid": "b_pym0he0k",
                "tm": 1591077093221
              }, {
                "cid": "c_m84bv26",
                "bid": "b_waimai_tjdb07gt_mc",
                "tm": 1591077095483
              }, {
                "cid": "c_m84bv26",
                "bid": "b_pym0he0k",
                "tm": 1591077095483
              }, {
                "cid": "c_m84bv26",
                "bid": "b_YN75h",
                "tm": 1591077364135
              }, {
                "cid": "c_m84bv26",
                "bid": "b_waimai_gi9oviio_mc",
                "tm": 1591077388148
              }, {
                "cid": "c_m84bv26",
                "bid": "b_pym0he0k",
                "tm": 1591077388148
              }, {
                "cid": "c_m84bv26",
                "bid": "b_waimai_tjdb07gt_mc",
                "tm": 1591077466234
              }, {
                "cid": "c_m84bv26",
                "bid": "b_pym0he0k",
                "tm": 1591077466234
              }, {
                "cid": "c_m84bv26",
                "bid": "b_waimai_gi9oviio_mc",
                "tm": 1591078091305
              }, {
                "cid": "c_m84bv26",
                "bid": "b_pym0he0k",
                "tm": 1591078091305
              }, {
                "cid": "c_m84bv26",
                "bid": "b_waimai_tjdb07gt_mc",
                "tm": 1591078147773
              }, {
                "cid": "c_m84bv26",
                "bid": "b_pym0he0k",
                "tm": 1591078147773
              }, {
                "cid": "c_m84bv26",
                "bid": "b_waimai_gi9oviio_mc",
                "tm": 1591078278870
              }, {
                "cid": "c_m84bv26",
                "bid": "b_pym0he0k",
                "tm": 1591078278870
              }, {
                "cid": "c_m84bv26",
                "bid": "b_pym0he0k",
                "tm": 1591078688318
              }, {
                "cid": "c_m84bv26",
                "bid": "b_pym0he0k",
                "tm": 1591078794956
              }, {
                "cid": "c_m84bv26",
                "bid": "b_waimai_tjdb07gt_mc",
                "tm": 1591078821709
              }, {
                "cid": "c_m84bv26",
                "bid": "b_pym0he0k",
                "tm": 1591078821709
              }, {
                "cid": "c_m84bv26",
                "bid": "b_waimai_gi9oviio_mc",
                "tm": 1591078889971
              }, {
                "cid": "c_m84bv26",
                "bid": "b_pym0he0k",
                "tm": 1591078889971
              }, {
                "cid": "c_m84bv26",
                "bid": "b_pym0he0k",
                "tm": 1591079923459
              }, {
                "cid": "c_m84bv26",
                "bid": "b_waimai_tjdb07gt_mc",
                "tm": 1591079942775
              }, {
                "cid": "c_m84bv26",
                "bid": "b_pym0he0k",
                "tm": 1591079942775
              }, {
                "cid": "c_m84bv26",
                "bid": "b_waimai_gi9oviio_mc",
                "tm": 1591080021055
              }, {
                "cid": "c_m84bv26",
                "bid": "b_pym0he0k",
                "tm": 1591080021055
              }, {
                "cid": "c_m84bv26",
                "bid": "b_waimai_tjdb07gt_mc",
                "tm": 1591080294475
              }, {
                "cid": "c_m84bv26",
                "bid": "b_pym0he0k",
                "tm": 1591080294475
              }, {
                "cid": "c_m84bv26",
                "bid": "b_waimai_gi9oviio_mc",
                "tm": 1591080575059
              }, {
                "cid": "c_m84bv26",
                "bid": "b_pym0he0k",
                "tm": 1591080575059
              }, {
                "cid": "c_m84bv26",
                "bid": "b_waimai_tjdb07gt_mc",
                "tm": 1591080720525
              }, {
                "cid": "c_m84bv26",
                "bid": "b_pym0he0k",
                "tm": 1591080720525
              }, {
                "cid": "c_m84bv26",
                "bid": "b_waimai_gi9oviio_mc",
                "tm": 1591081949162
              }, {
                "cid": "c_m84bv26",
                "bid": "b_pym0he0k",
                "tm": 1591081949163
              }, {
                "cid": "c_m84bv26",
                "bid": "b_waimai_tjdb07gt_mc",
                "tm": 1591081956723
              }, {
                "cid": "c_m84bv26",
                "bid": "b_pym0he0k",
                "tm": 1591081956723
              }, {
                "cid": "c_m84bv26",
                "bid": "b_waimai_gi9oviio_mc",
                "tm": 1591081998506
              }, {
                "cid": "c_m84bv26",
                "bid": "b_pym0he0k",
                "tm": 1591081998507
              }, {
                "cid": "c_m84bv26",
                "bid": "b_waimai_tjdb07gt_mc",
                "tm": 1591082000074
              }, {
                "cid": "c_m84bv26",
                "bid": "b_pym0he0k",
                "tm": 1591082000074
              }, {
                "cid": "c_m84bv26",
                "bid": "b_waimai_gi9oviio_mc",
                "tm": 1591082001559
              }, {
                "cid": "c_m84bv26",
                "bid": "b_pym0he0k",
                "tm": 1591082001559
              }, {
                "cid": "c_m84bv26",
                "bid": "b_waimai_tjdb07gt_mc",
                "tm": 1591082002361
              }, {
                "cid": "c_m84bv26",
                "bid": "b_pym0he0k",
                "tm": 1591082002361
              }, {
                "cid": "c_m84bv26",
                "bid": "b_waimai_gi9oviio_mc",
                "tm": 1591082002947
              }, {
                "cid": "c_m84bv26",
                "bid": "b_pym0he0k",
                "tm": 1591082002947
              }, {
                "cid": "c_m84bv26",
                "bid": "b_waimai_tjdb07gt_mc",
                "tm": 1591082003478
              }, {
                "cid": "c_m84bv26",
                "bid": "b_pym0he0k",
                "tm": 1591082003479
              }, {
                "cid": "c_m84bv26",
                "bid": "b_waimai_gi9oviio_mc",
                "tm": 1591082004050
              }, {
                "cid": "c_m84bv26",
                "bid": "b_pym0he0k",
                "tm": 1591082004050
              }, {
                "cid": "c_m84bv26",
                "bid": "b_waimai_tjdb07gt_mc",
                "tm": 1591082005084
              }, {
                "cid": "c_m84bv26",
                "bid": "b_pym0he0k",
                "tm": 1591082005084
              }, {
                "cid": "c_m84bv26",
                "bid": "b_habt1",
                "tm": 1591082005717
              }, {
                "cid": "c_CijEL",
                "bid": "b_2lUbF",
                "tm": 1591082019024
              }, {
                "cid": "c_m84bv26",
                "bid": "b_habt1",
                "tm": 1591082020706
              }, {
                "cid": "c_m84bv26",
                "bid": "b_waimai_gi9oviio_mc",
                "tm": 1591083827753
              }, {
                "cid": "c_m84bv26",
                "bid": "b_pym0he0k",
                "tm": 1591083827753
              }, {
                "cid": "c_m84bv26",
                "bid": "b_waimai_tjdb07gt_mc",
                "tm": 1591083830566
              }, {
                "cid": "c_m84bv26",
                "bid": "b_pym0he0k",
                "tm": 1591083830566
              }, {
                "cid": "c_m84bv26",
                "bid": "b_waimai_gi9oviio_mc",
                "tm": 1591084110704
              }, {
                "cid": "c_m84bv26",
                "bid": "b_pym0he0k",
                "tm": 1591084110704
              }, {
                "cid": "c_m84bv26",
                "bid": "b_waimai_tjdb07gt_mc",
                "tm": 1591084111342
              }, {
                "cid": "c_m84bv26",
                "bid": "b_pym0he0k",
                "tm": 1591084111342
              }, {
                "cid": "c_m84bv26",
                "bid": "b_habt1",
                "tm": 1591084112325
              }, {
                "cid": "c_m84bv26",
                "bid": "b_2lUbF",
                "tm": 1591084211004
              }, {
                "cid": "c_m84bv26",
                "bid": "b_habt1",
                "tm": 1591084212275
              }, {
                "cid": "c_m84bv26",
                "bid": "b_habt1",
                "tm": 1591084576416
              }, {
                "cid": "c_m84bv26",
                "bid": "b_2lUbF",
                "tm": 1591085342725
              }, {
                "cid": "c_m84bv26",
                "bid": "b_habt1",
                "tm": 1591087101817
              }, {
                "cid": "c_m84bv26",
                "bid": "b_habt1",
                "tm": 1591087635351
              }, {
                "cid": "c_m84bv26",
                "bid": "b_habt1",
                "tm": 1591087721769
              }, {
                "cid": "c_m84bv26",
                "bid": "b_2lUbF",
                "tm": 1591087754936
              }, {
                "cid": "c_m84bv26",
                "bid": "b_habt1",
                "tm": 1591087760163
              }, {
                "cid": "c_CijEL",
                "bid": "b_2lUbF",
                "tm": 1591087790720
              }, {
                "cid": "c_m84bv26",
                "bid": "b_waimai_gi9oviio_mc",
                "tm": 1591087846414
              }, {
                "cid": "c_m84bv26",
                "bid": "b_pym0he0k",
                "tm": 1591087846414
              }, {
                "cid": "c_m84bv26",
                "bid": "b_waimai_tjdb07gt_mc",
                "tm": 1591087847546
              }, {
                "cid": "c_m84bv26",
                "bid": "b_pym0he0k",
                "tm": 1591087847546
              }, {
                "cid": "c_m84bv26",
                "bid": "b_habt1",
                "tm": 1591087848713
              }, {
                "cid": "c_CijEL",
                "bid": "b_2lUbF",
                "tm": 1591087886022
              }],
            "pv_list_24h_postpro": [
              {
                "cid": "c_w10r5g3",
                "duration": 0,
                "tm": 1591008698995
              }, {
                "cid": "c_m84bv26",
                "duration": 20746,
                "tm": 1591008701435
              }, {
                "cid": "c_CijEL",
                "duration": 0,
                "tm": 1591008724553
              }, {
                "cid": "c_w10r5g3",
                "duration": 0,
                "tm": 1591008888876
              }, {
                "cid": "c_m84bv26",
                "duration": 234317,
                "tm": 1591008892139
              }, {
                "cid": "c_CijEL",
                "duration": 27204,
                "tm": 1591009129531
              }, {
                "cid": "c_m84bv26",
                "duration": 1643,
                "tm": 1591009156737
              }, {
                "cid": "c_CijEL",
                "duration": 0,
                "tm": 1591009160435
              }, {
                "cid": "c_w10r5g3",
                "duration": 0,
                "tm": 1591009298579
              }, {
                "cid": "c_m84bv26",
                "duration": 430348,
                "tm": 1591009301818
              }, {
                "cid": "c_CijEL",
                "duration": 13444,
                "tm": 1591009738961
              }, {
                "cid": "c_m84bv26",
                "duration": 4474,
                "tm": 1591009752406
              }, {
                "cid": "c_CijEL",
                "duration": 0,
                "tm": 1591009758459
              }, {
                "cid": "c_w10r5g3",
                "duration": 0,
                "tm": 1591009907409
              }, {
                "cid": "c_m84bv26",
                "duration": 297143,
                "tm": 1591009911308
              }, {
                "cid": "c_CijEL",
                "duration": 13952,
                "tm": 1591010218926
              }, {
                "cid": "c_m84bv26",
                "duration": 1831,
                "tm": 1591010232879
              }, {
                "cid": "c_CijEL",
                "duration": 149987,
                "tm": 1591010236294
              }, {
                "cid": "c_m84bv26",
                "duration": 1864,
                "tm": 1591010386283
              }, {
                "cid": "c_CijEL",
                "duration": 0,
                "tm": 1591010393450
              }, {
                "cid": "c_w10r5g3",
                "duration": 0,
                "tm": 1591010622757
              }, {
                "cid": "c_m84bv26",
                "duration": 50325,
                "tm": 1591010624273
              }, {
                "cid": "c_CijEL",
                "duration": 0,
                "tm": 1591010676865
              }, {
                "cid": "c_w10r5g3",
                "duration": 0,
                "tm": 1591010855855
              }, {
                "cid": "c_m84bv26",
                "duration": 47249,
                "tm": 1591010857510
              }, {
                "cid": "c_CijEL",
                "duration": 4502,
                "tm": 1591010906883
              }, {
                "cid": "c_m84bv26",
                "duration": 5987,
                "tm": 1591010911387
              }, {
                "cid": "c_CijEL",
                "duration": 182972,
                "tm": 1591010919022
              }, {
                "cid": "c_m84bv26",
                "duration": 1765,
                "tm": 1591011101995
              }, {
                "cid": "c_CijEL",
                "duration": 0,
                "tm": 1591011106023
              }, {
                "cid": "c_w10r5g3",
                "duration": 0,
                "tm": 1591011246873
              }, {
                "cid": "c_m84bv26",
                "duration": 33024,
                "tm": 1591011250380
              }, {
                "cid": "c_CijEL",
                "duration": 0,
                "tm": 1591011285225
              }, {
                "cid": "c_w10r5g3",
                "duration": 0,
                "tm": 1591012269531
              }, {
                "cid": "c_m84bv26",
                "duration": 57329,
                "tm": 1591012273489
              }, {
                "cid": "c_CijEL",
                "duration": 22627,
                "tm": 1591012332795
              }, {
                "cid": "c_m84bv26",
                "duration": 1440,
                "tm": 1591012355423
              }, {
                "cid": "c_CijEL",
                "duration": 1829,
                "tm": 1591012358678
              }, {
                "cid": "c_m84bv26",
                "duration": 1191,
                "tm": 1591012360509
              }, {
                "cid": "c_CijEL",
                "duration": 0,
                "tm": 1591012363115
              }, {
                "cid": "c_w10r5g3",
                "duration": 0,
                "tm": 1591076980625
              }, {
                "cid": "c_m84bv26",
                "duration": 0,
                "tm": 1591076982559
              }, {
                "cid": "c_w10r5g3",
                "duration": 0,
                "tm": 1591077344175
              }, {
                "cid": "c_m84bv26",
                "duration": 17051,
                "tm": 1591077348008
              }, {
                "cid": "WMWebViewController",
                "duration": 3237,
                "tm": 1591077365067
              }, {
                "cid": "WMWebViewController",
                "duration": 975,
                "tm": 1591077366754
              }, {
                "cid": "c_m84bv26",
                "duration": 0,
                "tm": 1591077368305
              }, {
                "cid": "c_w10r5g3",
                "duration": 0,
                "tm": 1591078043758
              }, {
                "cid": "c_m84bv26",
                "duration": 0,
                "tm": 1591078045472
              }, {
                "cid": "c_w10r5g3",
                "duration": 0,
                "tm": 1591078070765
              }, {
                "cid": "c_m84bv26",
                "duration": 0,
                "tm": 1591078074592
              }, {
                "cid": "c_w10r5g3",
                "duration": 0,
                "tm": 1591078407549
              }, {
                "cid": "c_m84bv26",
                "duration": 0,
                "tm": 1591078682691
              }, {
                "cid": "c_w10r5g3",
                "duration": 0,
                "tm": 1591078771260
              }, {
                "cid": "c_m84bv26",
                "duration": 0,
                "tm": 1591078773135
              }, {
                "cid": "c_w10r5g3",
                "duration": 0,
                "tm": 1591079748817
              }, {
                "cid": "c_m84bv26",
                "duration": 0,
                "tm": 1591079894211
              }, {
                "cid": "c_w10r5g3",
                "duration": 0,
                "tm": 1591080383530
              }, {
                "cid": "c_w10r5g3",
                "duration": 0,
                "tm": 1591080426127
              }, {
                "cid": "c_m84bv26",
                "duration": 0,
                "tm": 1591080475767
              }, {
                "cid": "c_w10r5g3",
                "duration": 0,
                "tm": 1591081442258
              }, {
                "cid": "c_m84bv26",
                "duration": 475018,
                "tm": 1591081532135
              }, {
                "cid": "c_CijEL",
                "duration": 9573,
                "tm": 1591082010042
              }, {
                "cid": "c_m84bv26",
                "duration": 0,
                "tm": 1591082019617
              }, {
                "cid": "c_w10r5g3",
                "duration": 0,
                "tm": 1591083784876
              }, {
                "cid": "c_m84bv26",
                "duration": 0,
                "tm": 1591083810930
              }, {
                "cid": "c_w10r5g3",
                "duration": 0,
                "tm": 1591084083927
              }, {
                "cid": "c_m84bv26",
                "duration": 123142,
                "tm": 1591084086275
              }, {
                "cid": "c_m84bv26",
                "duration": 0,
                "tm": 1591084211636
              }, {
                "cid": "c_w10r5g3",
                "duration": 0,
                "tm": 1591084545915
              }, {
                "cid": "c_m84bv26",
                "duration": 719318,
                "tm": 1591084548133
              }, {
                "cid": "c_m84bv26",
                "duration": 0,
                "tm": 1591085349368
              }, {
                "cid": "SAKAlitaResourceDebugViewController",
                "duration": 37728,
                "tm": 1591087054733
              }, {
                "cid": "c_w10r5g3",
                "duration": 0,
                "tm": 1591087616266
              }, {
                "cid": "c_m84bv26",
                "duration": 59518,
                "tm": 1591087621295
              }, {
                "cid": "c_w10r5g3",
                "duration": 0,
                "tm": 1591087704616
              }, {
                "cid": "c_m84bv26",
                "duration": 44378,
                "tm": 1591087708853
              }, {
                "cid": "c_CijEL",
                "duration": 94,
                "tm": 1591087756223
              }, {
                "cid": "c_m84bv26",
                "duration": 30843,
                "tm": 1591087756320
              }, {
                "cid": "c_CijEL",
                "duration": 1860,
                "tm": 1591087789448
              }, {
                "cid": "c_m84bv26",
                "duration": 0,
                "tm": 1591087791310
              }, {
                "cid": "c_w10r5g3",
                "duration": 0,
                "tm": 1591087823198
              }, {
                "cid": "c_m84bv26",
                "duration": 43363,
                "tm": 1591087825186
              }, {
                "cid": "c_CijEL",
                "duration": 0,
                "tm": 1591087871320
              }]
          },
          "biz_name": "waimai",
          "table_key": "lx_app_life"
        }]
      }
    },{"case_id":"2",
      "data":{
        "current_tm": 1591087888913,
        "feature_list": [{
          "features": {
            "mc_list_24h_postpro": [
              {
                "cid": "c_m84bv26",
                "bid": "b_habt1",
                "tm": 1591008711002
              }, {
                "cid": "c_m84bv26",
                "bid": "b_habt1",
                "tm": 1591009125053
              }, {
                "cid": "c_CijEL",
                "bid": "b_2lUbF",
                "tm": 1591009156137
              }, {
                "cid": "c_m84bv26",
                "bid": "b_habt1",
                "tm": 1591009157356
              }, {
                "cid": "c_m84bv26",
                "bid": "b_habt1",
                "tm": 1591009730719
              }, {
                "cid": "c_CijEL",
                "bid": "b_2lUbF",
                "tm": 1591009751815
              }, {
                "cid": "c_m84bv26",
                "bid": "b_habt1",
                "tm": 1591009756016
              }, {
                "cid": "c_m84bv26",
                "bid": "b_habt1",
                "tm": 1591010207024
              }, {
                "cid": "c_CijEL",
                "bid": "b_2lUbF",
                "tm": 1591010232266
              }, {
                "cid": "c_m84bv26",
                "bid": "b_habt1",
                "tm": 1591010233808
              }, {
                "cid": "c_CijEL",
                "bid": "b_2lUbF",
                "tm": 1591010385705
              }, {
                "cid": "c_m84bv26",
                "bid": "b_habt1",
                "tm": 1591010387040
              }, {
                "cid": "c_m84bv26",
                "bid": "b_habt1",
                "tm": 1591010673149
              }, {
                "cid": "c_m84bv26",
                "bid": "b_habt1",
                "tm": 1591010903305
              }, {
                "cid": "c_CijEL",
                "bid": "b_2lUbF",
                "tm": 1591010910796
              }, {
                "cid": "c_m84bv26",
                "bid": "b_habt1",
                "tm": 1591010916445
              }, {
                "cid": "c_CijEL",
                "bid": "b_2lUbF",
                "tm": 1591011101395
              }, {
                "cid": "c_m84bv26",
                "bid": "b_habt1",
                "tm": 1591011102557
              }, {
                "cid": "c_m84bv26",
                "bid": "b_habt1",
                "tm": 1591011281885
              }, {
                "cid": "c_m84bv26",
                "bid": "b_habt1",
                "tm": 1591012329367
              }, {
                "cid": "c_CijEL",
                "bid": "b_2lUbF",
                "tm": 1591012354827
              }, {
                "cid": "c_m84bv26",
                "bid": "b_habt1",
                "tm": 1591012355990
              }, {
                "cid": "c_CijEL",
                "bid": "b_2lUbF",
                "tm": 1591012359932
              }, {
                "cid": "c_m84bv26",
                "bid": "b_habt1",
                "tm": 1591012360837
              }, {
                "cid": "c_m84bv26",
                "bid": "b_waimai_gi9oviio_mc",
                "tm": 1591077093221
              }, {
                "cid": "c_m84bv26",
                "bid": "b_pym0he0k",
                "tm": 1591077093221
              }, {
                "cid": "c_m84bv26",
                "bid": "b_waimai_tjdb07gt_mc",
                "tm": 1591077095483
              }, {
                "cid": "c_m84bv26",
                "bid": "b_pym0he0k",
                "tm": 1591077095483
              }, {
                "cid": "c_m84bv26",
                "bid": "b_YN75h",
                "tm": 1591077364135
              }, {
                "cid": "c_m84bv26",
                "bid": "b_waimai_gi9oviio_mc",
                "tm": 1591077388148
              }, {
                "cid": "c_m84bv26",
                "bid": "b_pym0he0k",
                "tm": 1591077388148
              }, {
                "cid": "c_m84bv26",
                "bid": "b_waimai_tjdb07gt_mc",
                "tm": 1591077466234
              }, {
                "cid": "c_m84bv26",
                "bid": "b_pym0he0k",
                "tm": 1591077466234
              }, {
                "cid": "c_m84bv26",
                "bid": "b_waimai_gi9oviio_mc",
                "tm": 1591078091305
              }, {
                "cid": "c_m84bv26",
                "bid": "b_pym0he0k",
                "tm": 1591078091305
              }, {
                "cid": "c_m84bv26",
                "bid": "b_waimai_tjdb07gt_mc",
                "tm": 1591078147773
              }, {
                "cid": "c_m84bv26",
                "bid": "b_pym0he0k",
                "tm": 1591078147773
              }, {
                "cid": "c_m84bv26",
                "bid": "b_waimai_gi9oviio_mc",
                "tm": 1591078278870
              }, {
                "cid": "c_m84bv26",
                "bid": "b_pym0he0k",
                "tm": 1591078278870
              }, {
                "cid": "c_m84bv26",
                "bid": "b_pym0he0k",
                "tm": 1591078688318
              }, {
                "cid": "c_m84bv26",
                "bid": "b_pym0he0k",
                "tm": 1591078794956
              }, {
                "cid": "c_m84bv26",
                "bid": "b_waimai_tjdb07gt_mc",
                "tm": 1591078821709
              }, {
                "cid": "c_m84bv26",
                "bid": "b_pym0he0k",
                "tm": 1591078821709
              }, {
                "cid": "c_m84bv26",
                "bid": "b_waimai_gi9oviio_mc",
                "tm": 1591078889971
              }, {
                "cid": "c_m84bv26",
                "bid": "b_pym0he0k",
                "tm": 1591078889971
              }, {
                "cid": "c_m84bv26",
                "bid": "b_pym0he0k",
                "tm": 1591079923459
              }, {
                "cid": "c_m84bv26",
                "bid": "b_waimai_tjdb07gt_mc",
                "tm": 1591079942775
              }, {
                "cid": "c_m84bv26",
                "bid": "b_pym0he0k",
                "tm": 1591079942775
              }, {
                "cid": "c_m84bv26",
                "bid": "b_waimai_gi9oviio_mc",
                "tm": 1591080021055
              }, {
                "cid": "c_m84bv26",
                "bid": "b_pym0he0k",
                "tm": 1591080021055
              }, {
                "cid": "c_m84bv26",
                "bid": "b_waimai_tjdb07gt_mc",
                "tm": 1591080294475
              }, {
                "cid": "c_m84bv26",
                "bid": "b_pym0he0k",
                "tm": 1591080294475
              }, {
                "cid": "c_m84bv26",
                "bid": "b_waimai_gi9oviio_mc",
                "tm": 1591080575059
              }, {
                "cid": "c_m84bv26",
                "bid": "b_pym0he0k",
                "tm": 1591080575059
              }, {
                "cid": "c_m84bv26",
                "bid": "b_waimai_tjdb07gt_mc",
                "tm": 1591080720525
              }, {
                "cid": "c_m84bv26",
                "bid": "b_pym0he0k",
                "tm": 1591080720525
              }, {
                "cid": "c_m84bv26",
                "bid": "b_waimai_gi9oviio_mc",
                "tm": 1591081949162
              }, {
                "cid": "c_m84bv26",
                "bid": "b_pym0he0k",
                "tm": 1591081949163
              }, {
                "cid": "c_m84bv26",
                "bid": "b_waimai_tjdb07gt_mc",
                "tm": 1591081956723
              }, {
                "cid": "c_m84bv26",
                "bid": "b_pym0he0k",
                "tm": 1591081956723
              }, {
                "cid": "c_m84bv26",
                "bid": "b_waimai_gi9oviio_mc",
                "tm": 1591081998506
              }, {
                "cid": "c_m84bv26",
                "bid": "b_pym0he0k",
                "tm": 1591081998507
              }, {
                "cid": "c_m84bv26",
                "bid": "b_waimai_tjdb07gt_mc",
                "tm": 1591082000074
              }, {
                "cid": "c_m84bv26",
                "bid": "b_pym0he0k",
                "tm": 1591082000074
              }, {
                "cid": "c_m84bv26",
                "bid": "b_waimai_gi9oviio_mc",
                "tm": 1591082001559
              }, {
                "cid": "c_m84bv26",
                "bid": "b_pym0he0k",
                "tm": 1591082001559
              }, {
                "cid": "c_m84bv26",
                "bid": "b_waimai_tjdb07gt_mc",
                "tm": 1591082002361
              }, {
                "cid": "c_m84bv26",
                "bid": "b_pym0he0k",
                "tm": 1591082002361
              }, {
                "cid": "c_m84bv26",
                "bid": "b_waimai_gi9oviio_mc",
                "tm": 1591082002947
              }, {
                "cid": "c_m84bv26",
                "bid": "b_pym0he0k",
                "tm": 1591082002947
              }, {
                "cid": "c_m84bv26",
                "bid": "b_waimai_tjdb07gt_mc",
                "tm": 1591082003478
              }, {
                "cid": "c_m84bv26",
                "bid": "b_pym0he0k",
                "tm": 1591082003479
              }, {
                "cid": "c_m84bv26",
                "bid": "b_waimai_gi9oviio_mc",
                "tm": 1591082004050
              }, {
                "cid": "c_m84bv26",
                "bid": "b_pym0he0k",
                "tm": 1591082004050
              }, {
                "cid": "c_m84bv26",
                "bid": "b_waimai_tjdb07gt_mc",
                "tm": 1591082005084
              }, {
                "cid": "c_m84bv26",
                "bid": "b_pym0he0k",
                "tm": 1591082005084
              }, {
                "cid": "c_m84bv26",
                "bid": "b_habt1",
                "tm": 1591082005717
              }, {
                "cid": "c_CijEL",
                "bid": "b_2lUbF",
                "tm": 1591082019024
              }, {
                "cid": "c_m84bv26",
                "bid": "b_habt1",
                "tm": 1591082020706
              }, {
                "cid": "c_m84bv26",
                "bid": "b_waimai_gi9oviio_mc",
                "tm": 1591083827753
              }, {
                "cid": "c_m84bv26",
                "bid": "b_pym0he0k",
                "tm": 1591083827753
              }, {
                "cid": "c_m84bv26",
                "bid": "b_waimai_tjdb07gt_mc",
                "tm": 1591083830566
              }, {
                "cid": "c_m84bv26",
                "bid": "b_pym0he0k",
                "tm": 1591083830566
              }, {
                "cid": "c_m84bv26",
                "bid": "b_waimai_gi9oviio_mc",
                "tm": 1591084110704
              }, {
                "cid": "c_m84bv26",
                "bid": "b_pym0he0k",
                "tm": 1591084110704
              }, {
                "cid": "c_m84bv26",
                "bid": "b_waimai_tjdb07gt_mc",
                "tm": 1591084111342
              }, {
                "cid": "c_m84bv26",
                "bid": "b_pym0he0k",
                "tm": 1591084111342
              }, {
                "cid": "c_m84bv26",
                "bid": "b_habt1",
                "tm": 1591084112325
              }, {
                "cid": "c_m84bv26",
                "bid": "b_2lUbF",
                "tm": 1591084211004
              }, {
                "cid": "c_m84bv26",
                "bid": "b_habt1",
                "tm": 1591084212275
              }, {
                "cid": "c_m84bv26",
                "bid": "b_habt1",
                "tm": 1591084576416
              }, {
                "cid": "c_m84bv26",
                "bid": "b_2lUbF",
                "tm": 1591085342725
              }, {
                "cid": "c_m84bv26",
                "bid": "b_habt1",
                "tm": 1591087101817
              }, {
                "cid": "c_m84bv26",
                "bid": "b_habt1",
                "tm": 1591087635351
              }, {
                "cid": "c_m84bv26",
                "bid": "b_habt1",
                "tm": 1591087721769
              }, {
                "cid": "c_m84bv26",
                "bid": "b_2lUbF",
                "tm": 1591087754936
              }, {
                "cid": "c_m84bv26",
                "bid": "b_habt1",
                "tm": 1591087760163
              }, {
                "cid": "c_CijEL",
                "bid": "b_2lUbF",
                "tm": 1591087790720
              }, {
                "cid": "c_m84bv26",
                "bid": "b_waimai_gi9oviio_mc",
                "tm": 1591087846414
              }, {
                "cid": "c_m84bv26",
                "bid": "b_pym0he0k",
                "tm": 1591087846414
              }, {
                "cid": "c_m84bv26",
                "bid": "b_waimai_tjdb07gt_mc",
                "tm": 1591087847546
              }, {
                "cid": "c_m84bv26",
                "bid": "b_pym0he0k",
                "tm": 1591087847546
              }, {
                "cid": "c_m84bv26",
                "bid": "b_habt1",
                "tm": 1591087848713
              }, {
                "cid": "c_CijEL",
                "bid": "b_2lUbF",
                "tm": 1591087886022
              }],
            "pv_list_24h_postpro": [
              {
                "cid": "c_w10r5g3",
                "duration": 0,
                "tm": 1591008698995
              }, {
                "cid": "c_m84bv26",
                "duration": 20746,
                "tm": 1591008701435
              }, {
                "cid": "c_CijEL",
                "duration": 0,
                "tm": 1591008724553
              }, {
                "cid": "c_w10r5g3",
                "duration": 0,
                "tm": 1591008888876
              }, {
                "cid": "c_m84bv26",
                "duration": 234317,
                "tm": 1591008892139
              }, {
                "cid": "c_CijEL",
                "duration": 27204,
                "tm": 1591009129531
              }, {
                "cid": "c_m84bv26",
                "duration": 1643,
                "tm": 1591009156737
              }, {
                "cid": "c_CijEL",
                "duration": 0,
                "tm": 1591009160435
              }, {
                "cid": "c_w10r5g3",
                "duration": 0,
                "tm": 1591009298579
              }, {
                "cid": "c_m84bv26",
                "duration": 430348,
                "tm": 1591009301818
              }, {
                "cid": "c_CijEL",
                "duration": 13444,
                "tm": 1591009738961
              }, {
                "cid": "c_m84bv26",
                "duration": 4474,
                "tm": 1591009752406
              }, {
                "cid": "c_CijEL",
                "duration": 0,
                "tm": 1591009758459
              }, {
                "cid": "c_w10r5g3",
                "duration": 0,
                "tm": 1591009907409
              }, {
                "cid": "c_m84bv26",
                "duration": 297143,
                "tm": 1591009911308
              }, {
                "cid": "c_CijEL",
                "duration": 13952,
                "tm": 1591010218926
              }, {
                "cid": "c_m84bv26",
                "duration": 1831,
                "tm": 1591010232879
              }, {
                "cid": "c_CijEL",
                "duration": 149987,
                "tm": 1591010236294
              }, {
                "cid": "c_m84bv26",
                "duration": 1864,
                "tm": 1591010386283
              }, {
                "cid": "c_CijEL",
                "duration": 0,
                "tm": 1591010393450
              }, {
                "cid": "c_w10r5g3",
                "duration": 0,
                "tm": 1591010622757
              }, {
                "cid": "c_m84bv26",
                "duration": 50325,
                "tm": 1591010624273
              }, {
                "cid": "c_CijEL",
                "duration": 0,
                "tm": 1591010676865
              }, {
                "cid": "c_w10r5g3",
                "duration": 0,
                "tm": 1591010855855
              }, {
                "cid": "c_m84bv26",
                "duration": 47249,
                "tm": 1591010857510
              }, {
                "cid": "c_CijEL",
                "duration": 4502,
                "tm": 1591010906883
              }, {
                "cid": "c_m84bv26",
                "duration": 5987,
                "tm": 1591010911387
              }, {
                "cid": "c_CijEL",
                "duration": 182972,
                "tm": 1591010919022
              }, {
                "cid": "c_m84bv26",
                "duration": 1765,
                "tm": 1591011101995
              }, {
                "cid": "c_CijEL",
                "duration": 0,
                "tm": 1591011106023
              }, {
                "cid": "c_w10r5g3",
                "duration": 0,
                "tm": 1591011246873
              }, {
                "cid": "c_m84bv26",
                "duration": 33024,
                "tm": 1591011250380
              }, {
                "cid": "c_CijEL",
                "duration": 0,
                "tm": 1591011285225
              }, {
                "cid": "c_w10r5g3",
                "duration": 0,
                "tm": 1591012269531
              }, {
                "cid": "c_m84bv26",
                "duration": 57329,
                "tm": 1591012273489
              }, {
                "cid": "c_CijEL",
                "duration": 22627,
                "tm": 1591012332795
              }, {
                "cid": "c_m84bv26",
                "duration": 1440,
                "tm": 1591012355423
              }, {
                "cid": "c_CijEL",
                "duration": 1829,
                "tm": 1591012358678
              }, {
                "cid": "c_m84bv26",
                "duration": 1191,
                "tm": 1591012360509
              }, {
                "cid": "c_CijEL",
                "duration": 0,
                "tm": 1591012363115
              }, {
                "cid": "c_w10r5g3",
                "duration": 0,
                "tm": 1591076980625
              }, {
                "cid": "c_m84bv26",
                "duration": 0,
                "tm": 1591076982559
              }, {
                "cid": "c_w10r5g3",
                "duration": 0,
                "tm": 1591077344175
              }, {
                "cid": "c_m84bv26",
                "duration": 17051,
                "tm": 1591077348008
              }, {
                "cid": "WMWebViewController",
                "duration": 3237,
                "tm": 1591077365067
              }, {
                "cid": "WMWebViewController",
                "duration": 975,
                "tm": 1591077366754
              }, {
                "cid": "c_m84bv26",
                "duration": 0,
                "tm": 1591077368305
              }, {
                "cid": "c_w10r5g3",
                "duration": 0,
                "tm": 1591078043758
              }, {
                "cid": "c_m84bv26",
                "duration": 0,
                "tm": 1591078045472
              }, {
                "cid": "c_w10r5g3",
                "duration": 0,
                "tm": 1591078070765
              }, {
                "cid": "c_m84bv26",
                "duration": 0,
                "tm": 1591078074592
              }, {
                "cid": "c_w10r5g3",
                "duration": 0,
                "tm": 1591078407549
              }, {
                "cid": "c_m84bv26",
                "duration": 0,
                "tm": 1591078682691
              }, {
                "cid": "c_w10r5g3",
                "duration": 0,
                "tm": 1591078771260
              }, {
                "cid": "c_m84bv26",
                "duration": 0,
                "tm": 1591078773135
              }, {
                "cid": "c_w10r5g3",
                "duration": 0,
                "tm": 1591079748817
              }, {
                "cid": "c_m84bv26",
                "duration": 0,
                "tm": 1591079894211
              }, {
                "cid": "c_w10r5g3",
                "duration": 0,
                "tm": 1591080383530
              }, {
                "cid": "c_w10r5g3",
                "duration": 0,
                "tm": 1591080426127
              }, {
                "cid": "c_m84bv26",
                "duration": 0,
                "tm": 1591080475767
              }, {
                "cid": "c_w10r5g3",
                "duration": 0,
                "tm": 1591081442258
              }, {
                "cid": "c_m84bv26",
                "duration": 475018,
                "tm": 1591081532135
              }, {
                "cid": "c_CijEL",
                "duration": 9573,
                "tm": 1591082010042
              }, {
                "cid": "c_m84bv26",
                "duration": 0,
                "tm": 1591082019617
              }, {
                "cid": "c_w10r5g3",
                "duration": 0,
                "tm": 1591083784876
              }, {
                "cid": "c_m84bv26",
                "duration": 0,
                "tm": 1591083810930
              }, {
                "cid": "c_w10r5g3",
                "duration": 0,
                "tm": 1591084083927
              }, {
                "cid": "c_m84bv26",
                "duration": 123142,
                "tm": 1591084086275
              }, {
                "cid": "c_m84bv26",
                "duration": 0,
                "tm": 1591084211636
              }, {
                "cid": "c_w10r5g3",
                "duration": 0,
                "tm": 1591084545915
              }, {
                "cid": "c_m84bv26",
                "duration": 719318,
                "tm": 1591084548133
              }, {
                "cid": "c_m84bv26",
                "duration": 0,
                "tm": 1591085349368
              }, {
                "cid": "SAKAlitaResourceDebugViewController",
                "duration": 37728,
                "tm": 1591087054733
              }, {
                "cid": "c_w10r5g3",
                "duration": 0,
                "tm": 1591087616266
              }, {
                "cid": "c_m84bv26",
                "duration": 59518,
                "tm": 1591087621295
              }, {
                "cid": "c_w10r5g3",
                "duration": 0,
                "tm": 1591087704616
              }, {
                "cid": "c_m84bv26",
                "duration": 44378,
                "tm": 1591087708853
              }, {
                "cid": "c_CijEL",
                "duration": 94,
                "tm": 1591087756223
              }, {
                "cid": "c_m84bv26",
                "duration": 30843,
                "tm": 1591087756320
              }, {
                "cid": "c_CijEL",
                "duration": 1860,
                "tm": 1591087789448
              }, {
                "cid": "c_m84bv26",
                "duration": 0,
                "tm": 1591087791310
              }, {
                "cid": "c_w10r5g3",
                "duration": 0,
                "tm": 1591087823198
              }, {
                "cid": "c_m84bv26",
                "duration": 43363,
                "tm": 1591087825186
              }, {
                "cid": "c_CijEL",
                "duration": 0,
                "tm": 1591087871320
              }]
          },
          "biz_name": "waimai",
          "table_key": "lx_app_life"
        }]
      }
    }
  ]
}